{"mean":{"confidence_interval":{"confidence_level":0.95,"lower_bound":509254612.6875,"upper_bound":510827058.8665},"point_estimate":509972853.22,"standard_error":403592.7590646231},"median":{"confidence_interval":{"confidence_level":0.95,"lower_bound":508827073.0,"upper_bound":509606475.0},"point_estimate":509141522.5,"standard_error":209386.80288639726},"median_abs_dev":{"confidence_interval":{"confidence_level":0.95,"lower_bound":714470.8577156067,"upper_bound":2110150.442737341},"point_estimate":1321963.2317304611,"standard_error":405695.62309583736},"slope":null,"std_dev":{"confidence_interval":{"confidence_level":0.95,"lower_bound":1499906.9831024122,"upper_bound":3980093.884808478},"point_estimate":2881092.964441817,"standard_error":635169.1974496724}}