{"mean":{"confidence_interval":{"confidence_level":0.95,"lower_bound":91646677.12075,"upper_bound":92331020.66775},"point_estimate":91956421.92,"standard_error":175821.79268812056},"median":{"confidence_interval":{"confidence_level":0.95,"lower_bound":91391165.0,"upper_bound":91673081.75},"point_estimate":91530588.5,"standard_error":79673.02203681639},"median_abs_dev":{"confidence_interval":{"confidence_level":0.95,"lower_bound":219804.34169769287,"upper_bound":567522.9613244534},"point_estimate":372372.77458906174,"standard_error":100593.36553789071},"slope":null,"std_dev":{"confidence_interval":{"confidence_level":0.95,"lower_bound":623694.3013522758,"upper_bound":1728342.745487407},"point_estimate":1255206.3437962828,"standard_error":281837.52559632127}}