{"mean":{"confidence_interval":{"confidence_level":0.95,"lower_bound":60574226.7245,"upper_bound":60811032.44125},"point_estimate":60680707.98,"standard_error":60802.46343987401},"median":{"confidence_interval":{"confidence_level":0.95,"lower_bound":60490904.75,"upper_bound":60618584.0},"point_estimate":60538812.25,"standard_error":30664.851917509866},"median_abs_dev":{"confidence_interval":{"confidence_level":0.95,"lower_bound":101984.34568941593,"upper_bound":234576.24506793803},"point_estimate":172641.7245849967,"standard_error":34579.886790478544},"slope":null,"std_dev":{"confidence_interval":{"confidence_level":0.95,"lower_bound":216281.9177113467,"upper_bound":579419.3925051711},"point_estimate":431266.9894384045,"standard_error":90888.41490138223}}