{"mean":{"confidence_interval":{"confidence_level":0.95,"lower_bound":154724321.4145,"upper_bound":155630561.012},"point_estimate":155144415.08,"standard_error":232349.71662696602},"median":{"confidence_interval":{"confidence_level":0.95,"lower_bound":154240292.0,"upper_bound":154704369.5},"point_estimate":154549029.0,"standard_error":136398.1888593355},"median_abs_dev":{"confidence_interval":{"confidence_level":0.95,"lower_bound":212465.47182798386,"upper_bound":798595.8041220903},"point_estimate":576012.328773737,"standard_error":160704.28994247442},"slope":null,"std_dev":{"confidence_interval":{"confidence_level":0.95,"lower_bound":1000665.3100426983,"upper_bound":2168517.058305959},"point_estimate":1664142.0723680484,"standard_error":297803.75171556394}}