{"mean":{"confidence_interval":{"confidence_level":0.95,"lower_bound":1018140571.92,"upper_bound":1029198925.2935},"point_estimate":1023474981.04,"standard_error":2825907.752834949},"median":{"confidence_interval":{"confidence_level":0.95,"lower_bound":1014730083.0,"upper_bound":1027043386.0},"point_estimate":1019560349.0,"standard_error":3666672.774695586},"median_abs_dev":{"confidence_interval":{"confidence_level":0.95,"lower_bound":11438998.614317179,"upper_bound":23421891.25287831},"point_estimate":15770126.813024282,"standard_error":3149749.81985351},"slope":null,"std_dev":{"confidence_interval":{"confidence_level":0.95,"lower_bound":14935112.508655883,"upper_bound":24330782.358180203},"point_estimate":20134495.311132032,"standard_error":2403715.4058580515}}