{"mean":{"confidence_interval":{"confidence_level":0.95,"lower_bound":87171172.61500001,"upper_bound":87992827.70575},"point_estimate":87564561.26,"standard_error":210576.81318825693},"median":{"confidence_interval":{"confidence_level":0.95,"lower_bound":86622576.5,"upper_bound":87371187.5},"point_estimate":86839130.25,"standard_error":197302.61707863622},"median_abs_dev":{"confidence_interval":{"confidence_level":0.95,"lower_bound":399519.5507571101,"upper_bound":1371879.6856317667},"point_estimate":723859.4220489264,"standard_error":247936.89292419306},"slope":null,"std_dev":{"confidence_interval":{"confidence_level":0.95,"lower_bound":1160094.4845664117,"upper_bound":1749176.3688705633},"point_estimate":1512736.0260804007,"standard_error":151026.59744924025}}