{"mean":{"confidence_interval":{"confidence_level":0.95,"lower_bound":27644677.579625,"upper_bound":27863134.101125},"point_estimate":27743043.12,"standard_error":56176.64097600623},"median":{"confidence_interval":{"confidence_level":0.95,"lower_bound":27575933.625,"upper_bound":27655450.0},"point_estimate":27610934.375,"standard_error":19479.468001127752},"median_abs_dev":{"confidence_interval":{"confidence_level":0.95,"lower_bound":55306.16811811924,"upper_bound":137454.99408468604},"point_estimate":90638.93471583724,"standard_error":20172.409374106363},"slope":null,"std_dev":{"confidence_interval":{"confidence_level":0.95,"lower_bound":178382.27270556625,"upper_bound":549607.3183664072},"point_estimate":401515.5838336237,"standard_error":92379.73581224892}}