{"mean":{"confidence_interval":{"confidence_level":0.95,"lower_bound":32474630.53825,"upper_bound":32737194.584},"point_estimate":32600331.925,"standard_error":67011.6102207539},"median":{"confidence_interval":{"confidence_level":0.95,"lower_bound":32322970.5,"upper_bound":32561226.5},"point_estimate":32369988.75,"standard_error":66907.46620522985},"median_abs_dev":{"confidence_interval":{"confidence_level":0.95,"lower_bound":160640.63377305865,"upper_bound":496962.87805214524},"point_estimate":273711.8620656431,"standard_error":87140.78184025091},"slope":null,"std_dev":{"confidence_interval":{"confidence_level":0.95,"lower_bound":355087.33634016244,"upper_bound":578043.150627812},"point_estimate":480688.01233943016,"standard_error":56897.33169105279}}