{"mean":{"confidence_interval":{"confidence_level":0.95,"lower_bound":89979085.96025,"upper_bound":90267018.85849999},"point_estimate":90109449.24,"standard_error":73858.57960396471},"median":{"confidence_interval":{"confidence_level":0.95,"lower_bound":89855177.75,"upper_bound":90115828.0},"point_estimate":90012316.25,"standard_error":60038.65652353226},"median_abs_dev":{"confidence_interval":{"confidence_level":0.95,"lower_bound":226941.5779709816,"upper_bound":465614.22823369503},"point_estimate":369470.5851405859,"standard_error":60927.66597920807},"slope":null,"std_dev":{"confidence_interval":{"confidence_level":0.95,"lower_bound":276450.74449802475,"upper_bound":740682.5632628903},"point_estimate":527334.2296147096,"standard_error":122185.76777721172}}