{"mean":{"confidence_interval":{"confidence_level":0.95,"lower_bound":45311483.77150001,"upper_bound":45448786.39883334},"point_estimate":45377683.37333334,"standard_error":34990.24105721792},"median":{"confidence_interval":{"confidence_level":0.95,"lower_bound":45249194.666666664,"upper_bound":45410229.666666664},"point_estimate":45319050.5,"standard_error":41394.53399503904},"median_abs_dev":{"confidence_interval":{"confidence_level":0.95,"lower_bound":151306.49321377647,"upper_bound":310163.7013009972},"point_estimate":213682.93350637142,"standard_error":39754.02555605699},"slope":null,"std_dev":{"confidence_interval":{"confidence_level":0.95,"lower_bound":193414.23515923205,"upper_bound":296359.38621254923},"point_estimate":250287.08462888323,"standard_error":26416.64830402342}}