{"mean":{"confidence_interval":{"confidence_level":0.95,"lower_bound":89637793.11,"upper_bound":90031731.11275},"point_estimate":89822968.75,"standard_error":100881.52066125054},"median":{"confidence_interval":{"confidence_level":0.95,"lower_bound":89479660.5,"upper_bound":89670148.5},"point_estimate":89587882.25,"standard_error":50927.388896593446},"median_abs_dev":{"confidence_interval":{"confidence_level":0.95,"lower_bound":176545.039665699,"upper_bound":506689.66050446033},"point_estimate":271119.72133666277,"standard_error":84641.18568952086},"slope":null,"std_dev":{"confidence_interval":{"confidence_level":0.95,"lower_bound":478348.66969473124,"upper_bound":911232.0243799089},"point_estimate":724486.616060024,"standard_error":110820.0007368586}}