{"mean":{"confidence_interval":{"confidence_level":0.95,"lower_bound":893590908.84,"upper_bound":895647773.6315},"point_estimate":894452034.4,"standard_error":538453.5717160245},"median":{"confidence_interval":{"confidence_level":0.95,"lower_bound":893563301.5,"upper_bound":894060331.5},"point_estimate":893792824.5,"standard_error":131847.13098701063},"median_abs_dev":{"confidence_interval":{"confidence_level":0.95,"lower_bound":540464.7705048323,"upper_bound":1196094.571115076},"point_estimate":891172.3116785288,"standard_error":170488.82493396357},"slope":null,"std_dev":{"confidence_interval":{"confidence_level":0.95,"lower_bound":793293.400344405,"upper_bound":5961228.076370053},"point_estimate":3856442.3845805,"standard_error":1402305.9643876762}}