{"mean":{"confidence_interval":{"confidence_level":0.95,"lower_bound":683739852.022,"upper_bound":693893072.08},"point_estimate":688949580.32,"standard_error":2597439.254037394},"median":{"confidence_interval":{"confidence_level":0.95,"lower_bound":694701863.0,"upper_bound":699930398.5},"point_estimate":697728780.5,"standard_error":2060471.70427311},"median_abs_dev":{"confidence_interval":{"confidence_level":0.95,"lower_bound":5226863.211804628,"upper_bound":18811239.455806237},"point_estimate":10595299.153795838,"standard_error":3644608.001003728},"slope":null,"std_dev":{"confidence_interval":{"confidence_level":0.95,"lower_bound":15399433.249368967,"upper_bound":20553990.191122208},"point_estimate":18539234.939653393,"standard_error":1317955.1452861344}}