{"mean":{"confidence_interval":{"confidence_level":0.95,"lower_bound":8874417.636666667,"upper_bound":9029088.188708333},"point_estimate":8947241.73833333,"standard_error":39570.70567874895},"median":{"confidence_interval":{"confidence_level":0.95,"lower_bound":8761105.5,"upper_bound":9028960.166666668},"point_estimate":8964801.458333332,"standard_error":92389.47883276333},"median_abs_dev":{"confidence_interval":{"confidence_level":0.95,"lower_bound":109463.75368163036,"upper_bound":399838.00087645557},"point_estimate":301999.6224634331,"standard_error":80845.9783556554},"slope":null,"std_dev":{"confidence_interval":{"confidence_level":0.95,"lower_bound":192531.7048417376,"upper_bound":373733.5367543969},"point_estimate":282062.0207406403,"standard_error":48992.53375144772}}