{"mean":{"confidence_interval":{"confidence_level":0.95,"lower_bound":11517407.215555556,"upper_bound":11618171.72261111},"point_estimate":11562581.371111112,"standard_error":25711.994288230708},"median":{"confidence_interval":{"confidence_level":0.95,"lower_bound":11449594.555555556,"upper_bound":11620433.222222222},"point_estimate":11478079.5,"standard_error":46947.44713862697},"median_abs_dev":{"confidence_interval":{"confidence_level":0.95,"lower_bound":41896.54555618717,"upper_bound":197465.1842276249},"point_estimate":92062.04536557198,"standard_error":49217.899456085346},"slope":null,"std_dev":{"confidence_interval":{"confidence_level":0.95,"lower_bound":111518.09240865753,"upper_bound":265422.38488709705},"point_estimate":183968.28725738308,"standard_error":48195.51442632859}}