{"mean":{"confidence_interval":{"confidence_level":0.95,"lower_bound":37199032.2875,"upper_bound":37267416.97416668},"point_estimate":37232573.379999995,"standard_error":17458.06228720499},"median":{"confidence_interval":{"confidence_level":0.95,"lower_bound":37169384.333333336,"upper_bound":37256156.83333333},"point_estimate":37212535.33333333,"standard_error":24200.157766281216},"median_abs_dev":{"confidence_interval":{"confidence_level":0.95,"lower_bound":77290.65472782026,"upper_bound":162353.09851764713},"point_estimate":116082.1417391337,"standard_error":22637.36047494092},"slope":null,"std_dev":{"confidence_interval":{"confidence_level":0.95,"lower_bound":101088.02103789293,"upper_bound":144152.25030002563},"point_estimate":124913.74487576954,"standard_error":11017.339583803554}}