{"mean":{"confidence_interval":{"confidence_level":0.95,"lower_bound":266158534.8225,"upper_bound":266880387.924},"point_estimate":266512942.18,"standard_error":184629.47255042807},"median":{"confidence_interval":{"confidence_level":0.95,"lower_bound":265849985.0,"upper_bound":266781955.0},"point_estimate":266484118.5,"standard_error":283420.2446008892},"median_abs_dev":{"confidence_interval":{"confidence_level":0.95,"lower_bound":872112.0064169168,"upper_bound":1784733.8332146406},"point_estimate":1371826.0340452194,"standard_error":255300.33773530548},"slope":null,"std_dev":{"confidence_interval":{"confidence_level":0.95,"lower_bound":1038443.3574292884,"upper_bound":1574312.316725233},"point_estimate":1319089.7641327924,"standard_error":137236.6080895897}}