{"mean":{"confidence_interval":{"confidence_level":0.95,"lower_bound":402644.49349868513,"upper_bound":404791.97083965945},"point_estimate":403563.7652128693,"standard_error":554.0034897944438},"median":{"confidence_interval":{"confidence_level":0.95,"lower_bound":402408.8090909091,"upper_bound":403628.3},"point_estimate":402920.5211363636,"standard_error":280.88869649367734},"median_abs_dev":{"confidence_interval":{"confidence_level":0.95,"lower_bound":1293.3967425376004,"upper_bound":2845.6019749964944},"point_estimate":2137.7048552754477,"standard_error":380.94388095726873},"slope":{"confidence_interval":{"confidence_level":0.95,"lower_bound":402389.73756432644,"upper_bound":404317.11318706686},"point_estimate":403272.76460803725,"standard_error":493.27808825798564},"std_dev":{"confidence_interval":{"confidence_level":0.95,"lower_bound":1793.3161646980177,"upper_bound":6089.179594447232},"point_estimate":3965.165907959912,"standard_error":1328.8695241454936}}