{"mean":{"confidence_interval":{"confidence_level":0.95,"lower_bound":262919581.60599998,"upper_bound":263174663.08749998},"point_estimate":263035949.82,"standard_error":65529.12270133493},"median":{"confidence_interval":{"confidence_level":0.95,"lower_bound":262870121.5,"upper_bound":263048861.0},"point_estimate":263005471.5,"standard_error":48954.24001958294},"median_abs_dev":{"confidence_interval":{"confidence_level":0.95,"lower_bound":157518.37089099013,"upper_bound":370830.870616436},"point_estimate":254411.1902832985,"standard_error":54534.78408480804},"slope":null,"std_dev":{"confidence_interval":{"confidence_level":0.95,"lower_bound":226630.07745090403,"upper_bound":638057.7513711149},"point_estimate":468448.30082712875,"standard_error":101260.63271439973}}