{"mean":{"confidence_interval":{"confidence_level":0.95,"lower_bound":178945195.7495,"upper_bound":181167044.6855},"point_estimate":180048406.08,"standard_error":566728.1983732213},"median":{"confidence_interval":{"confidence_level":0.95,"lower_bound":177190517.0,"upper_bound":183152396.0},"point_estimate":177919232.0,"standard_error":1498435.4821732214},"median_abs_dev":{"confidence_interval":{"confidence_level":0.95,"lower_bound":1759709.0282589197,"upper_bound":5953086.639511585},"point_estimate":3301782.7585816383,"standard_error":1173416.9165705922},"slope":null,"std_dev":{"confidence_interval":{"confidence_level":0.95,"lower_bound":3580063.180625991,"upper_bound":4322387.903014841},"point_estimate":4035908.5025341576,"standard_error":187943.91210464362}}