{"mean":{"confidence_interval":{"confidence_level":0.95,"lower_bound":43905575.223666675,"upper_bound":44053673.386666685},"point_estimate":43976304.53333336,"standard_error":37916.940798874595},"median":{"confidence_interval":{"confidence_level":0.95,"lower_bound":43876601.666666664,"upper_bound":43989561.0},"point_estimate":43935190.5,"standard_error":28096.852291348223},"median_abs_dev":{"confidence_interval":{"confidence_level":0.95,"lower_bound":113876.52717829487,"upper_bound":283875.6408601999},"point_estimate":182706.72515630722,"standard_error":40470.31084251359},"slope":null,"std_dev":{"confidence_interval":{"confidence_level":0.95,"lower_bound":187698.06938465819,"upper_bound":336748.406809262},"point_estimate":271471.02031862346,"standard_error":38357.34568762682}}