{"mean":{"confidence_interval":{"confidence_level":0.95,"lower_bound":388426349.337,"upper_bound":390335718.31649995},"point_estimate":389279190.02,"standard_error":490743.0104296979},"median":{"confidence_interval":{"confidence_level":0.95,"lower_bound":387908995.0,"upper_bound":389432147.0},"point_estimate":388527765.0,"standard_error":400679.8809433598},"median_abs_dev":{"confidence_interval":{"confidence_level":0.95,"lower_bound":1344753.0172258615,"upper_bound":2876962.6763386955},"point_estimate":1776507.627260685,"standard_error":386829.1874317481},"slope":null,"std_dev":{"confidence_interval":{"confidence_level":0.95,"lower_bound":1866440.6405190907,"upper_bound":5089105.470467035},"point_estimate":3489515.136410423,"standard_error":930937.5612611673}}