{"mean":{"confidence_interval":{"confidence_level":0.95,"lower_bound":2139708428.6415,"upper_bound":2188176546.4105},"point_estimate":2163661343.24,"standard_error":12364986.240277244},"median":{"confidence_interval":{"confidence_level":0.95,"lower_bound":2130185968.5,"upper_bound":2188267804.0},"point_estimate":2158544370.5,"standard_error":12383272.452961909},"median_abs_dev":{"confidence_interval":{"confidence_level":0.95,"lower_bound":56821692.18941331,"upper_bound":116556586.57990694},"point_estimate":93194050.47567487,"standard_error":15763948.933615278},"slope":null,"std_dev":{"confidence_interval":{"confidence_level":0.95,"lower_bound":69936366.80048163,"upper_bound":104263052.10847688},"point_estimate":88263705.2559042,"standard_error":8753421.040176982}}