{"mean":{"confidence_interval":{"confidence_level":0.95,"lower_bound":308358.6507978757,"upper_bound":311908.3432731858},"point_estimate":310051.6817124795,"standard_error":906.943632153127},"median":{"confidence_interval":{"confidence_level":0.95,"lower_bound":306296.18070291774,"upper_bound":311018.446603928},"point_estimate":307557.03709401714,"standard_error":1163.0131357748248},"median_abs_dev":{"confidence_interval":{"confidence_level":0.95,"lower_bound":2775.3339147199686,"upper_bound":7759.630316662126},"point_estimate":5097.819142008522,"standard_error":1350.161268263145},"slope":{"confidence_interval":{"confidence_level":0.95,"lower_bound":311945.5021897179,"upper_bound":315368.9527256914},"point_estimate":313772.13716052147,"standard_error":870.3991367332382},"std_dev":{"confidence_interval":{"confidence_level":0.95,"lower_bound":4853.537737026708,"upper_bound":7949.230855386103},"point_estimate":6465.335415124332,"standard_error":796.050818187782}}