{"mean":{"confidence_interval":{"confidence_level":0.95,"lower_bound":177930210.19950002,"upper_bound":178716594.601},"point_estimate":178314488.1,"standard_error":201261.69370353545},"median":{"confidence_interval":{"confidence_level":0.95,"lower_bound":177642105.0,"upper_bound":178654996.5},"point_estimate":178068105.0,"standard_error":291651.2105042483},"median_abs_dev":{"confidence_interval":{"confidence_level":0.95,"lower_bound":943452.49325037,"upper_bound":1909024.1920280436},"point_estimate":1434969.9669241905,"standard_error":237556.59471818784},"slope":null,"std_dev":{"confidence_interval":{"confidence_level":0.95,"lower_bound":1119492.7298537078,"upper_bound":1708679.5420543805},"point_estimate":1439265.112828188,"standard_error":151477.35001915286}}