{"mean":{"confidence_interval":{"confidence_level":0.95,"lower_bound":1326657149.4785001,"upper_bound":1329689380.06},"point_estimate":1328233803.56,"standard_error":771794.1115752948},"median":{"confidence_interval":{"confidence_level":0.95,"lower_bound":1326982689.5,"upper_bound":1331305581.0},"point_estimate":1330389496.0,"standard_error":978560.1779968924},"median_abs_dev":{"confidence_interval":{"confidence_level":0.95,"lower_bound":1516351.362079382,"upper_bound":6828063.770377636},"point_estimate":3773059.036114812,"standard_error":1357139.531183459},"slope":null,"std_dev":{"confidence_interval":{"confidence_level":0.95,"lower_bound":4114078.015761801,"upper_bound":6635702.713267248},"point_estimate":5533940.976497835,"standard_error":645644.9922714033}}