{"mean":{"confidence_interval":{"confidence_level":0.95,"lower_bound":998613586.6094999,"upper_bound":1011871319.239},"point_estimate":1005256762.38,"standard_error":3386328.263367257},"median":{"confidence_interval":{"confidence_level":0.95,"lower_bound":987967661.5,"upper_bound":1025351008.5},"point_estimate":1001544055.5,"standard_error":13460159.619357746},"median_abs_dev":{"confidence_interval":{"confidence_level":0.95,"lower_bound":11228801.520448923,"upper_bound":38747025.32070279},"point_estimate":35728439.913493395,"standard_error":7932824.02227801},"slope":null,"std_dev":{"confidence_interval":{"confidence_level":0.95,"lower_bound":21884694.091065228,"upper_bound":25980261.82373221},"point_estimate":24238255.94123293,"standard_error":1044681.5092770447}}