{"mean":{"confidence_interval":{"confidence_level":0.95,"lower_bound":71241862.02475001,"upper_bound":71553785.5855},"point_estimate":71384068.36,"standard_error":79935.06585011154},"median":{"confidence_interval":{"confidence_level":0.95,"lower_bound":71162764.5,"upper_bound":71440891.25},"point_estimate":71245367.0,"standard_error":62661.64648361784},"median_abs_dev":{"confidence_interval":{"confidence_level":0.95,"lower_bound":299815.44382721186,"upper_bound":541475.9036868811},"point_estimate":430986.9938984513,"standard_error":60081.142509702484},"slope":null,"std_dev":{"confidence_interval":{"confidence_level":0.95,"lower_bound":331864.7759529162,"upper_bound":799400.7083512566},"point_estimate":569461.7821169267,"standard_error":127917.29600364322}}