{"mean":{"confidence_interval":{"confidence_level":0.95,"lower_bound":37828404.27983333,"upper_bound":38050186.33900001},"point_estimate":37934725.98,"standard_error":56499.09973978314},"median":{"confidence_interval":{"confidence_level":0.95,"lower_bound":37705625.33333333,"upper_bound":38031854.333333336},"point_estimate":37843310.5,"standard_error":92876.87136699018},"median_abs_dev":{"confidence_interval":{"confidence_level":0.95,"lower_bound":219741.331198806,"upper_bound":491048.23078215675},"point_estimate":347893.0722236652,"standard_error":65987.12067928666},"slope":null,"std_dev":{"confidence_interval":{"confidence_level":0.95,"lower_bound":291278.02887679834,"upper_bound":510877.55887110875},"point_estimate":404456.93236737687,"standard_error":57244.00306183865}}