{"mean":{"confidence_interval":{"confidence_level":0.95,"lower_bound":56073058.196,"upper_bound":56166529.90575},"point_estimate":56119132.62,"standard_error":23799.40752058142},"median":{"confidence_interval":{"confidence_level":0.95,"lower_bound":56020993.25,"upper_bound":56155607.5},"point_estimate":56092192.25,"standard_error":30116.20801833642},"median_abs_dev":{"confidence_interval":{"confidence_level":0.95,"lower_bound":112603.46800088882,"upper_bound":225861.50389015675},"point_estimate":179806.7596077919,"standard_error":27218.444393057216},"slope":null,"std_dev":{"confidence_interval":{"confidence_level":0.95,"lower_bound":136019.78710121405,"upper_bound":196979.00183985376},"point_estimate":169684.62745209635,"standard_error":15538.222805424637}}