{"mean":{"confidence_interval":{"confidence_level":0.95,"lower_bound":502658046.7495,"upper_bound":505640525.93},"point_estimate":504232935.04,"standard_error":759861.9795850007},"median":{"confidence_interval":{"confidence_level":0.95,"lower_bound":504769621.5,"upper_bound":505653468.5},"point_estimate":505457430.0,"standard_error":220548.1224646092},"median_abs_dev":{"confidence_interval":{"confidence_level":0.95,"lower_bound":860476.5618234873,"upper_bound":2627623.7941503525},"point_estimate":1509587.7409994602,"standard_error":464510.59298221476},"slope":null,"std_dev":{"confidence_interval":{"confidence_level":0.95,"lower_bound":3150147.8067801264,"upper_bound":7140616.928214827},"point_estimate":5435073.543716322,"standard_error":1015077.8792194579}}