{"mean":{"confidence_interval":{"confidence_level":0.95,"lower_bound":651267528.6105,"upper_bound":652146792.2915},"point_estimate":651626817.3,"standard_error":229117.4061817221},"median":{"confidence_interval":{"confidence_level":0.95,"lower_bound":651351727.0,"upper_bound":651713091.0},"point_estimate":651514013.0,"standard_error":80584.36268529715},"median_abs_dev":{"confidence_interval":{"confidence_level":0.95,"lower_bound":288553.9850771427,"upper_bound":557696.2886989117},"point_estimate":379504.8217624426,"standard_error":70732.20941848155},"slope":null,"std_dev":{"confidence_interval":{"confidence_level":0.95,"lower_bound":391830.0038077082,"upper_bound":2676217.296685803},"point_estimate":1629321.2462890516,"standard_error":692417.9384668495}}