{"mean":{"confidence_interval":{"confidence_level":0.95,"lower_bound":44899415.60666666,"upper_bound":44947465.1},"point_estimate":44922158.96,"standard_error":12249.344726247826},"median":{"confidence_interval":{"confidence_level":0.95,"lower_bound":44883925.166666664,"upper_bound":44923175.0},"point_estimate":44901864.5,"standard_error":10311.9830864203},"median_abs_dev":{"confidence_interval":{"confidence_level":0.95,"lower_bound":38773.695811629295,"upper_bound":87530.47854602337},"point_estimate":61478.47890854066,"standard_error":12095.763260730093},"slope":null,"std_dev":{"confidence_interval":{"confidence_level":0.95,"lower_bound":58599.739335640326,"upper_bound":110244.18002873778},"point_estimate":87143.16592416391,"standard_error":13153.552461245392}}