{"mean":{"confidence_interval":{"confidence_level":0.95,"lower_bound":27242447.10625,"upper_bound":27583036.317624997},"point_estimate":27408111.69,"standard_error":86977.7856934478},"median":{"confidence_interval":{"confidence_level":0.95,"lower_bound":27046427.375,"upper_bound":27465194.625},"point_estimate":27225583.75,"standard_error":110063.81383929845},"median_abs_dev":{"confidence_interval":{"confidence_level":0.95,"lower_bound":338677.354337275,"upper_bound":767927.8530165553},"point_estimate":538190.4621452093,"standard_error":118444.65740959765},"slope":null,"std_dev":{"confidence_interval":{"confidence_level":0.95,"lower_bound":483954.8497896237,"upper_bound":725519.172605602},"point_estimate":619959.0160367613,"standard_error":61822.64164768644}}