{"mean":{"confidence_interval":{"confidence_level":0.95,"lower_bound":982684255.0760001,"upper_bound":993490748.66},"point_estimate":988009696.14,"standard_error":2750660.6467503533},"median":{"confidence_interval":{"confidence_level":0.95,"lower_bound":986942407.0,"upper_bound":993223243.0},"point_estimate":990467298.5,"standard_error":1798698.0332995292},"median_abs_dev":{"confidence_interval":{"confidence_level":0.95,"lower_bound":7442135.923075676,"upper_bound":23393270.40168643},"point_estimate":11466446.728929877,"standard_error":4262836.8268488},"slope":null,"std_dev":{"confidence_interval":{"confidence_level":0.95,"lower_bound":13973977.522861049,"upper_bound":24936760.547942586},"point_estimate":19659038.676412474,"standard_error":2819582.8949146094}}