{"mean":{"confidence_interval":{"confidence_level":0.95,"lower_bound":1321628394.394,"upper_bound":1326149419.716},"point_estimate":1324062838.26,"standard_error":1157231.4353354247},"median":{"confidence_interval":{"confidence_level":0.95,"lower_bound":1324186279.0,"upper_bound":1325739611.0},"point_estimate":1325061708.5,"standard_error":374292.06456732494},"median_abs_dev":{"confidence_interval":{"confidence_level":0.95,"lower_bound":1756525.8861154318,"upper_bound":8056940.294835701},"point_estimate":4101837.4410778284,"standard_error":1466498.4667533948},"slope":null,"std_dev":{"confidence_interval":{"confidence_level":0.95,"lower_bound":4876722.031585406,"upper_bound":11394110.18591894},"point_estimate":8266732.330364852,"standard_error":1718053.258085296}}