{"mean":{"confidence_interval":{"confidence_level":0.95,"lower_bound":2063859372.446,"upper_bound":2098472178.122},"point_estimate":2081253594.84,"standard_error":8848585.358036928},"median":{"confidence_interval":{"confidence_level":0.95,"lower_bound":2041346120.0,"upper_bound":2111183307.0},"point_estimate":2104137555.5,"standard_error":13422043.554292103},"median_abs_dev":{"confidence_interval":{"confidence_level":0.95,"lower_bound":39942994.2414701,"upper_bound":99933603.02762389},"point_estimate":74645056.87998533,"standard_error":18232102.741416864},"slope":null,"std_dev":{"confidence_interval":{"confidence_level":0.95,"lower_bound":55015564.86487263,"upper_bound":68709851.87472354},"point_estimate":63022110.39626579,"standard_error":3497688.873565562}}