{"mean":{"confidence_interval":{"confidence_level":0.95,"lower_bound":299387836.639,"upper_bound":301672577.0245},"point_estimate":300498251.98,"standard_error":582544.7522888503},"median":{"confidence_interval":{"confidence_level":0.95,"lower_bound":297717625.0,"upper_bound":300112349.0},"point_estimate":298414299.0,"standard_error":663623.4097821151},"median_abs_dev":{"confidence_interval":{"confidence_level":0.95,"lower_bound":1333267.5005547702,"upper_bound":4571548.834338784},"point_estimate":2378817.573067546,"standard_error":889176.0105348916},"slope":null,"std_dev":{"confidence_interval":{"confidence_level":0.95,"lower_bound":3389133.3055928964,"upper_bound":4648157.131108301},"point_estimate":4146684.8290304886,"standard_error":321079.88655643817}}