{"mean":{"confidence_interval":{"confidence_level":0.95,"lower_bound":25262012.059125,"upper_bound":25516078.00325},"point_estimate":25380993.435,"standard_error":64713.05901419775},"median":{"confidence_interval":{"confidence_level":0.95,"lower_bound":25135956.5,"upper_bound":25235043.75},"point_estimate":25166006.5,"standard_error":28488.293241475338},"median_abs_dev":{"confidence_interval":{"confidence_level":0.95,"lower_bound":67890.84734469652,"upper_bound":240111.14288717508},"point_estimate":110775.79288333654,"standard_error":43713.369132647866},"slope":null,"std_dev":{"confidence_interval":{"confidence_level":0.95,"lower_bound":299193.98305780196,"upper_bound":583585.2391090262},"point_estimate":463561.65426502936,"standard_error":72525.24292913693}}