{"mean":{"confidence_interval":{"confidence_level":0.95,"lower_bound":92504538.407,"upper_bound":92979818.21225},"point_estimate":92703899.23,"standard_error":123120.72030922072},"median":{"confidence_interval":{"confidence_level":0.95,"lower_bound":92393616.5,"upper_bound":92608664.5},"point_estimate":92497111.0,"standard_error":48049.76186568794},"median_abs_dev":{"confidence_interval":{"confidence_level":0.95,"lower_bound":173795.18736451864,"upper_bound":343611.7435696719},"point_estimate":227225.86651593447,"standard_error":42242.51459883669},"slope":null,"std_dev":{"confidence_interval":{"confidence_level":0.95,"lower_bound":269567.9921722283,"upper_bound":1365322.6345343438},"point_estimate":875512.6540427742,"standard_error":304413.78190302855}}