{"mean":{"confidence_interval":{"confidence_level":0.95,"lower_bound":2716244119.697,"upper_bound":2717541425.8640003},"point_estimate":2716856664.92,"standard_error":333282.48475940846},"median":{"confidence_interval":{"confidence_level":0.95,"lower_bound":2715912338.5,"upper_bound":2716978507.0},"point_estimate":2716434109.5,"standard_error":242618.2139143502},"median_abs_dev":{"confidence_interval":{"confidence_level":0.95,"lower_bound":927642.9366910469,"upper_bound":1908566.513416171},"point_estimate":1274602.3168712854,"standard_error":246456.49970237588},"slope":null,"std_dev":{"confidence_interval":{"confidence_level":0.95,"lower_bound":1597726.3661503822,"upper_bound":3097992.5330523765},"point_estimate":2382018.4438481773,"standard_error":390638.171175232}}