{"mean":{"confidence_interval":{"confidence_level":0.95,"lower_bound":653346757.26,"upper_bound":657911827.7345},"point_estimate":655428391.48,"standard_error":1173652.4123505543},"median":{"confidence_interval":{"confidence_level":0.95,"lower_bound":652336503.0,"upper_bound":654171397.5},"point_estimate":653353609.0,"standard_error":484902.4649735796},"median_abs_dev":{"confidence_interval":{"confidence_level":0.95,"lower_bound":1741593.139180543,"upper_bound":3709852.8340369463},"point_estimate":2505626.572716236,"standard_error":486959.67319722596},"slope":null,"std_dev":{"confidence_interval":{"confidence_level":0.95,"lower_bound":4480512.1653680755,"upper_bound":11153986.158276428},"point_estimate":8380952.478305789,"standard_error":1756783.524937274}}