{"mean":{"confidence_interval":{"confidence_level":0.95,"lower_bound":49981992.338333316,"upper_bound":50440804.23249999},"point_estimate":50202384.42666667,"standard_error":117077.10129397867},"median":{"confidence_interval":{"confidence_level":0.95,"lower_bound":49642998.0,"upper_bound":50240954.833333336},"point_estimate":49898705.16666667,"standard_error":160856.1288425374},"median_abs_dev":{"confidence_interval":{"confidence_level":0.95,"lower_bound":281970.0056940391,"upper_bound":919286.113679409},"point_estimate":625718.4696912857,"standard_error":188424.78952014682},"slope":null,"std_dev":{"confidence_interval":{"confidence_level":0.95,"lower_bound":623608.7250891505,"upper_bound":1009321.4388092445},"point_estimate":840598.4300033788,"standard_error":98301.60560805595}}