{"mean":{"confidence_interval":{"confidence_level":0.95,"lower_bound":66967799.026,"upper_bound":67511488.47275001},"point_estimate":67238085.96,"standard_error":138777.50058562346},"median":{"confidence_interval":{"confidence_level":0.95,"lower_bound":66816117.0,"upper_bound":67633326.0},"point_estimate":67117027.75,"standard_error":199692.4175260238},"median_abs_dev":{"confidence_interval":{"confidence_level":0.95,"lower_bound":707170.9060952067,"upper_bound":1520273.5803097486},"point_estimate":1050591.0977482796,"standard_error":210452.20739592996},"slope":null,"std_dev":{"confidence_interval":{"confidence_level":0.95,"lower_bound":825660.8938452913,"upper_bound":1128688.582501152},"point_estimate":992468.5259424379,"standard_error":77384.70732254407}}