{"mean":{"confidence_interval":{"confidence_level":0.95,"lower_bound":43356182.42783333,"upper_bound":43467676.18416665},"point_estimate":43410497.61333333,"standard_error":28467.579104019354},"median":{"confidence_interval":{"confidence_level":0.95,"lower_bound":43305766.666666664,"upper_bound":43433979.16666667},"point_estimate":43372976.0,"standard_error":36409.63245373466},"median_abs_dev":{"confidence_interval":{"confidence_level":0.95,"lower_bound":124980.21258115768,"upper_bound":277688.79441254167},"point_estimate":221667.7227646094,"standard_error":42225.00849426466},"slope":null,"std_dev":{"confidence_interval":{"confidence_level":0.95,"lower_bound":161205.1686166718,"upper_bound":240628.26619602475},"point_estimate":203397.8732812375,"standard_error":20387.246974071524}}