{"mean":{"confidence_interval":{"confidence_level":0.95,"lower_bound":2632092954.8320003,"upper_bound":2639707911.7869997},"point_estimate":2635927527.98,"standard_error":1946923.0097186456},"median":{"confidence_interval":{"confidence_level":0.95,"lower_bound":2631089129.0,"upper_bound":2641291778.0},"point_estimate":2636259565.0,"standard_error":2884060.2973444774},"median_abs_dev":{"confidence_interval":{"confidence_level":0.95,"lower_bound":9588917.70466268,"upper_bound":19602194.06939149},"point_estimate":13218717.553120852,"standard_error":2636542.0914872093},"slope":null,"std_dev":{"confidence_interval":{"confidence_level":0.95,"lower_bound":11274920.082506685,"upper_bound":16260517.25763611},"point_estimate":13924829.746656284,"standard_error":1277340.2346229404}}