{"mean":{"confidence_interval":{"confidence_level":0.95,"lower_bound":300539105.028,"upper_bound":302887176.7485},"point_estimate":301621954.68,"standard_error":599597.6678403378},"median":{"confidence_interval":{"confidence_level":0.95,"lower_bound":299475145.0,"upper_bound":300982398.5},"point_estimate":300283812.5,"standard_error":390892.18945581076},"median_abs_dev":{"confidence_interval":{"confidence_level":0.95,"lower_bound":1462325.4190385342,"upper_bound":3507780.3880244493},"point_estimate":2297101.85161829,"standard_error":526850.3708934056},"slope":null,"std_dev":{"confidence_interval":{"confidence_level":0.95,"lower_bound":2570482.1084733745,"upper_bound":5689034.2767066015},"point_estimate":4284034.406279276,"standard_error":804630.5569012163}}