{"mean":{"confidence_interval":{"confidence_level":0.95,"lower_bound":2017230363.0449998,"upper_bound":2050648289.94},"point_estimate":2033439600.24,"standard_error":8506349.574668754},"median":{"confidence_interval":{"confidence_level":0.95,"lower_bound":2005807272.0,"upper_bound":2046781836.0},"point_estimate":2032285196.5,"standard_error":10910389.76407907},"median_abs_dev":{"confidence_interval":{"confidence_level":0.95,"lower_bound":34327040.45777321,"upper_bound":61232043.859013915},"point_estimate":47587023.95726144,"standard_error":6832508.032719631},"slope":null,"std_dev":{"confidence_interval":{"confidence_level":0.95,"lower_bound":43149095.50723328,"upper_bound":76064388.54385003},"point_estimate":60776893.51804627,"standard_error":8445172.856716199}}