{"mean":{"confidence_interval":{"confidence_level":0.95,"lower_bound":156892769.61450002,"upper_bound":157730500.48},"point_estimate":157268432.84,"standard_error":214527.01158869194},"median":{"confidence_interval":{"confidence_level":0.95,"lower_bound":156645475.5,"upper_bound":156940284.0},"point_estimate":156743145.5,"standard_error":75226.5542155096},"median_abs_dev":{"confidence_interval":{"confidence_level":0.95,"lower_bound":219670.9077000618,"upper_bound":495039.389911294},"point_estimate":311172.53027558327,"standard_error":67172.7602520647},"slope":null,"std_dev":{"confidence_interval":{"confidence_level":0.95,"lower_bound":720458.4925718617,"upper_bound":2107060.2404658585},"point_estimate":1528395.2947442695,"standard_error":353492.65593222727}}