{"mean":{"confidence_interval":{"confidence_level":0.95,"lower_bound":244492160.2995,"upper_bound":245637527.311},"point_estimate":245012972.5,"standard_error":294219.8965561918},"median":{"confidence_interval":{"confidence_level":0.95,"lower_bound":244084537.0,"upper_bound":244522499.5},"point_estimate":244352282.5,"standard_error":123338.67223401186},"median_abs_dev":{"confidence_interval":{"confidence_level":0.95,"lower_bound":428702.67798900604,"upper_bound":1083254.9990683794},"point_estimate":755722.7193832397,"standard_error":180454.09043217424},"slope":null,"std_dev":{"confidence_interval":{"confidence_level":0.95,"lower_bound":1018299.7439238221,"upper_bound":2844515.907130153},"point_estimate":2103746.3291511135,"standard_error":451461.2203439467}}