{"mean":{"confidence_interval":{"confidence_level":0.95,"lower_bound":39207020.975499995,"upper_bound":39539142.18466666},"point_estimate":39359857.19333333,"standard_error":84892.2017694376},"median":{"confidence_interval":{"confidence_level":0.95,"lower_bound":39051307.66666667,"upper_bound":39211305.666666664},"point_estimate":39077535.666666664,"standard_error":44827.10732955733},"median_abs_dev":{"confidence_interval":{"confidence_level":0.95,"lower_bound":94406.5301239472,"upper_bound":332684.80879366765},"point_estimate":172848.67083132084,"standard_error":63424.000093976705},"slope":null,"std_dev":{"confidence_interval":{"confidence_level":0.95,"lower_bound":360677.6703193988,"upper_bound":801689.8939352597},"point_estimate":605667.1506078588,"standard_error":113261.63052132553}}