{"mean":{"confidence_interval":{"confidence_level":0.95,"lower_bound":638085063.82,"upper_bound":641867561.4355},"point_estimate":640014391.94,"standard_error":964106.2518968242},"median":{"confidence_interval":{"confidence_level":0.95,"lower_bound":639314776.5,"upper_bound":644040924.0},"point_estimate":641292857.0,"standard_error":1050724.7268831884},"median_abs_dev":{"confidence_interval":{"confidence_level":0.95,"lower_bound":4765747.933191061,"upper_bound":10270884.781855345},"point_estimate":7922551.688146591,"standard_error":1473888.6487970732},"slope":null,"std_dev":{"confidence_interval":{"confidence_level":0.95,"lower_bound":5627381.717823808,"upper_bound":7857337.15170633},"point_estimate":6902657.247484009,"standard_error":568528.7267571811}}