{"mean":{"confidence_interval":{"confidence_level":0.95,"lower_bound":11888952.444888888,"upper_bound":11907623.220055554},"point_estimate":11896424.295555556,"standard_error":4936.343782076419},"median":{"confidence_interval":{"confidence_level":0.95,"lower_bound":11890718.777777778,"upper_bound":11897521.333333334},"point_estimate":11894075.888888888,"standard_error":1537.6044766997134},"median_abs_dev":{"confidence_interval":{"confidence_level":0.95,"lower_bound":7065.083074570623,"upper_bound":14887.52763569355},"point_estimate":10419.136048356539,"standard_error":1952.1702643178564},"slope":null,"std_dev":{"confidence_interval":{"confidence_level":0.95,"lower_bound":10165.250757730713,"upper_bound":57651.121361083846},"point_estimate":35143.37221716876,"standard_error":15360.730224859219}}