{"mean":{"confidence_interval":{"confidence_level":0.95,"lower_bound":40955294.53366667,"upper_bound":41110149.36883333},"point_estimate":41026168.67999999,"standard_error":39695.476439987084},"median":{"confidence_interval":{"confidence_level":0.95,"lower_bound":40869884.333333336,"upper_bound":40999274.0},"point_estimate":40921503.5,"standard_error":31620.30696495532},"median_abs_dev":{"confidence_interval":{"confidence_level":0.95,"lower_bound":69404.95256781578,"upper_bound":226574.38737750423},"point_estimate":133009.47983861153,"standard_error":37863.24433765115},"slope":null,"std_dev":{"confidence_interval":{"confidence_level":0.95,"lower_bound":152327.6181774428,"upper_bound":377879.40539979545},"point_estimate":282351.7487581481,"standard_error":56376.485909013514}}