{"mean":{"confidence_interval":{"confidence_level":0.95,"lower_bound":54244322.44,"upper_bound":54724561.87},"point_estimate":54478959.35,"standard_error":122728.16925886167},"median":{"confidence_interval":{"confidence_level":0.95,"lower_bound":54015054.5,"upper_bound":54711150.5},"point_estimate":54380233.5,"standard_error":190546.0314641567},"median_abs_dev":{"confidence_interval":{"confidence_level":0.95,"lower_bound":582439.3996596336,"upper_bound":1171447.0878526568},"point_estimate":781934.3456178904,"standard_error":142670.42946515876},"slope":null,"std_dev":{"confidence_interval":{"confidence_level":0.95,"lower_bound":692776.57863892,"upper_bound":1024926.6799877414},"point_estimate":874699.3597767344,"standard_error":85332.58819027097}}