{"mean":{"confidence_interval":{"confidence_level":0.95,"lower_bound":837819.6311409094,"upper_bound":846080.7607077914},"point_estimate":841690.3903306962,"standard_error":2118.694178735434},"median":{"confidence_interval":{"confidence_level":0.95,"lower_bound":833696.2460204081,"upper_bound":841021.7361111111},"point_estimate":837067.4233333333,"standard_error":1883.1548728092823},"median_abs_dev":{"confidence_interval":{"confidence_level":0.95,"lower_bound":5311.566784034151,"upper_bound":12952.954706705754},"point_estimate":8880.132538369544,"standard_error":1931.9695541249803},"slope":{"confidence_interval":{"confidence_level":0.95,"lower_bound":834747.3877884652,"upper_bound":848436.2422183659},"point_estimate":840970.7188398369,"standard_error":3521.797091306254},"std_dev":{"confidence_interval":{"confidence_level":0.95,"lower_bound":9470.658661641659,"upper_bound":19513.156100390705},"point_estimate":15143.252390137739,"standard_error":2562.1384297424397}}