{"mean":{"confidence_interval":{"confidence_level":0.95,"lower_bound":9298036.92231818,"upper_bound":9313540.26545455},"point_estimate":9305106.86909091,"standard_error":3970.788784159424},"median":{"confidence_interval":{"confidence_level":0.95,"lower_bound":9298119.681818184,"upper_bound":9309149.0},"point_estimate":9302933.545454545,"standard_error":2964.6216557821376},"median_abs_dev":{"confidence_interval":{"confidence_level":0.95,"lower_bound":11644.222259183593,"upper_bound":25291.411811213868},"point_estimate":18717.21814952101,"standard_error":3545.7674545511013},"slope":null,"std_dev":{"confidence_interval":{"confidence_level":0.95,"lower_bound":15778.561295438132,"upper_bound":41355.37413139874},"point_estimate":28375.64203548539,"standard_error":7246.166241402802}}