{"mean":{"confidence_interval":{"confidence_level":0.95,"lower_bound":1630838.064713183,"upper_bound":1643709.4924892834},"point_estimate":1635889.9578327187,"standard_error":3434.4827602349174},"median":{"confidence_interval":{"confidence_level":0.95,"lower_bound":1629467.869212963,"upper_bound":1634726.1314102565},"point_estimate":1632658.1493930905,"standard_error":1399.1265302039526},"median_abs_dev":{"confidence_interval":{"confidence_level":0.95,"lower_bound":4875.100274319514,"upper_bound":11688.159259160282},"point_estimate":7265.358486210244,"standard_error":1788.4037547799608},"slope":{"confidence_interval":{"confidence_level":0.95,"lower_bound":1627665.2333447102,"upper_bound":1636418.0836864796},"point_estimate":1631775.7957212192,"standard_error":2248.4074616722},"std_dev":{"confidence_interval":{"confidence_level":0.95,"lower_bound":7063.785954484748,"upper_bound":39756.55682531052},"point_estimate":24392.603259321462,"standard_error":10755.430504074802}}