{"mean":{"confidence_interval":{"confidence_level":0.95,"lower_bound":236031256.76500002,"upper_bound":237335002.11499998},"point_estimate":236652663.66,"standard_error":333915.2258506852},"median":{"confidence_interval":{"confidence_level":0.95,"lower_bound":235208551.0,"upper_bound":236814484.0},"point_estimate":235710362.5,"standard_error":431743.44469831756},"median_abs_dev":{"confidence_interval":{"confidence_level":0.95,"lower_bound":922727.9695183039,"upper_bound":2678090.014654398},"point_estimate":1641006.1439663172,"standard_error":455725.7122355706},"slope":null,"std_dev":{"confidence_interval":{"confidence_level":0.95,"lower_bound":1743039.209888941,"upper_bound":2907268.4557098136},"point_estimate":2388322.8488641046,"standard_error":297002.085042593}}