{"mean":{"confidence_interval":{"confidence_level":0.95,"lower_bound":23977324.596,"upper_bound":24128658.586000007},"point_estimate":24046969.587999996,"standard_error":38843.973116684276},"median":{"confidence_interval":{"confidence_level":0.95,"lower_bound":23906400.6,"upper_bound":23987998.1},"point_estimate":23943033.6,"standard_error":22965.36586018834},"median_abs_dev":{"confidence_interval":{"confidence_level":0.95,"lower_bound":55236.485919356346,"upper_bound":149169.1276717175},"point_estimate":96877.67834007685,"standard_error":25202.611744638434},"slope":null,"std_dev":{"confidence_interval":{"confidence_level":0.95,"lower_bound":158521.5105293257,"upper_bound":364784.41280446906},"point_estimate":277526.6753513279,"standard_error":52471.11391628589}}